[{"title": "厦门市民紧急囤货", "url": "https://search.bilibili.com/all?keyword=厦门市民紧急囤货"}, {"title": "小栗旬帮剪Lisa发型", "url": "https://search.bilibili.com/all?keyword=小栗旬帮剪Lisa发型"}, {"title": "从0-4开局杀到17-8", "url": "https://search.bilibili.com/all?keyword=从0-4开局杀到17-8"}, {"title": "直击台风杜苏芮", "url": "https://search.bilibili.com/all?keyword=直击台风杜苏芮"}, {"title": "UP主被热巴和龚俊抱起", "url": "https://search.bilibili.com/all?keyword=UP主被热巴和龚俊抱起"}, {"title": "收破烂做出800亿产业", "url": "https://search.bilibili.com/all?keyword=收破烂做出800亿产业"}, {"title": "二次元妈妈带儿去漫展", "url": "https://search.bilibili.com/all?keyword=二次元妈妈带儿去漫展"}, {"title": "小说都不敢写的猛人", "url": "https://search.bilibili.com/all?keyword=小说都不敢写的猛人"}, {"title": "假面骑士创骑上线B站", "url": "https://search.bilibili.com/all?keyword=假面骑士创骑上线B站"}, {"title": "记者回应删视频换缅甸放人", "url": "https://search.bilibili.com/all?keyword=记者回应删视频换缅甸放人"}, {"title": "JKL第一视角被ELK线杀", "url": "https://search.bilibili.com/all?keyword=JKL第一视角被ELK线杀"}, {"title": "它曾是闽南的最强台风", "url": "https://search.bilibili.com/all?keyword=它曾是闽南的最强台风"}, {"title": "索尼中国之星计划", "url": "https://search.bilibili.com/all?keyword=索尼中国之星计划"}, {"title": "卡琳娜cos陆光幕后", "url": "https://search.bilibili.com/all?keyword=卡琳娜cos陆光幕后"}, {"title": "三年之期已到恭迎五行", "url": "https://search.bilibili.com/all?keyword=三年之期已到恭迎五行"}, {"title": "消防员学宋焰睡姿", "url": "https://search.bilibili.com/all?keyword=消防员学宋焰睡姿"}, {"title": "云顶狐狸竟有5倍伤害", "url": "https://search.bilibili.com/all?keyword=云顶狐狸竟有5倍伤害"}, {"title": "有些小猫是边角料做的", "url": "https://search.bilibili.com/all?keyword=有些小猫是边角料做的"}, {"title": "从公司废液中偷析出黄金", "url": "https://search.bilibili.com/all?keyword=从公司废液中偷析出黄金"}, {"title": "打字用9键还是26键", "url": "https://search.bilibili.com/all?keyword=打字用9键还是26键"}, {"title": "时光代理人主角开场死亡", "url": "https://search.bilibili.com/all?keyword=时光代理人主角开场死亡"}, {"title": "安徽卫视沙雕新闻大赏", "url": "https://search.bilibili.com/all?keyword=安徽卫视沙雕新闻大赏"}, {"title": "CODM联动少前枪皮试玩", "url": "https://search.bilibili.com/all?keyword=CODM联动少前枪皮试玩"}, {"title": "LPL季后赛四强预热", "url": "https://search.bilibili.com/all?keyword=LPL季后赛四强预热"}, {"title": "布莱泽奥特曼中文MV", "url": "https://search.bilibili.com/all?keyword=布莱泽奥特曼中文MV"}, {"title": "眼口分镜是什么梗", "url": "https://search.bilibili.com/all?keyword=眼口分镜是什么梗"}, {"title": "Tabe说红色方BP真难做", "url": "https://search.bilibili.com/all?keyword=Tabe说红色方BP真难做"}, {"title": "开民宿一年能赚多少", "url": "https://search.bilibili.com/all?keyword=开民宿一年能赚多少"}, {"title": "跳个舞庆祝录取", "url": "https://search.bilibili.com/all?keyword=跳个舞庆祝录取"}, {"title": "猫一杯探秘巴黎奥运会", "url": "https://search.bilibili.com/all?keyword=猫一杯探秘巴黎奥运会"}, {"title": "BLG战胜TES", "url": "https://search.bilibili.com/all?keyword=BLG战胜TES"}, {"title": "你会参加暑期研学游吗", "url": "https://search.bilibili.com/all?keyword=你会参加暑期研学游吗"}, {"title": "17级台风有多猛", "url": "https://search.bilibili.com/all?keyword=17级台风有多猛"}, {"title": "被拴的猫基本没有善茬", "url": "https://search.bilibili.com/all?keyword=被拴的猫基本没有善茬"}, {"title": "Rookie杰斯13颗头", "url": "https://search.bilibili.com/all?keyword=Rookie杰斯13颗头"}, {"title": "今年首个台风红色预警", "url": "https://search.bilibili.com/all?keyword=今年首个台风红色预警"}, {"title": "为什么会喜欢芭比", "url": "https://search.bilibili.com/all?keyword=为什么会喜欢芭比"}, {"title": "注意看刀郎发新歌了", "url": "https://search.bilibili.com/all?keyword=注意看刀郎发新歌了"}, {"title": "演员赵有亮去世", "url": "https://search.bilibili.com/all?keyword=演员赵有亮去世"}, {"title": "张大仙不死战神东皇", "url": "https://search.bilibili.com/all?keyword=张大仙不死战神东皇"}, {"title": "刘宪华B站粉丝破百万", "url": "https://search.bilibili.com/all?keyword=刘宪华B站粉丝破百万"}, {"title": "汪以食为天", "url": "https://search.bilibili.com/all?keyword=汪以食为天"}, {"title": "雾山五行战斗解析", "url": "https://search.bilibili.com/all?keyword=雾山五行战斗解析"}, {"title": "雾山五行2火热开播", "url": "https://search.bilibili.com/all?keyword=雾山五行2火热开播"}, {"title": "为专访注入林魂", "url": "https://search.bilibili.com/all?keyword=为专访注入林魂"}, {"title": "旺旺公司有多接地气", "url": "https://search.bilibili.com/all?keyword=旺旺公司有多接地气"}, {"title": "爱情公寓超燃打戏解析", "url": "https://search.bilibili.com/all?keyword=爱情公寓超燃打戏解析"}, {"title": "UP神级cos异世界舅舅", "url": "https://search.bilibili.com/all?keyword=UP神级cos异世界舅舅"}, {"title": "周杰伦与街头艺人合唱", "url": "https://search.bilibili.com/all?keyword=周杰伦与街头艺人合唱"}, {"title": "意难平怎么写最刀人", "url": "https://search.bilibili.com/all?keyword=意难平怎么写最刀人"}]