[{"title": "「人民日报」“最毒的手段就是在谈判中使用细菌武器……”", "hot_value": "10W+阅读,5245在看", "url": "https://tophub.today/l?e=0b7cPuYwke3qASR0oVsh1kmddBKg86YPbmxp1ouixuZUjxl1Bojkg83L6xRdqMMSV4o6cLOfmtdIFDtKRZoM45NX74M7GgtMBjBa8nQH80m4IsYFr8NEg61iLGBfqdF4ofW%2Bb3VyMqlaxHoxnS%2FZ87c5I1RjGpoKE7U6GFyRIyACi5NlnxkK5708KgFFkS%2FqrXF%2BdEzg8b9BZ%2B8TOxHQu62rBROEVLItJjlP6Pv%2Fy8reVu29LpWDtbj7TWumbF5nsOJpaTOLhL3mJjR9tB4"}, {"title": "「人民日报」孩子从楼上坠落，一群人张开了双臂…", "hot_value": "10W+阅读,4669在看", "url": "https://tophub.today/l?e=4721%2F%2FPsXIW7OMyrqR3DpJNCmdIhtCbAnXBrNjDsYnajeFZNzWgCiouhqBzplL4ScBU9dBN5peNiHastyNGMz5EvaxEeREotk5aOZydWS6GfSrAYHbZIV9X0GuG00t3Lcj3%2BoGhkfHsbNVM%2BLkTH%2BZ4wcnF6cloOYphl8jVNv2w%2B62sbPJZXgYheYeC0El7VmG1mkVeyPt6GJsOFsqDBFhdb6piFajJlVJglGEvkJV1kSgoMgcQrTNiiDcnrMDg64FbrxfNIKLmX5OOQDMI"}, {"title": "「人民日报」她每月收到1000元，4年后神秘汇款人现身！", "hot_value": "10W+阅读,4514在看", "url": "https://tophub.today/l?e=eb1dmHxiSylMpxEuzOYQ18FVjZtN9cL%2BOY1PBr0QwF80WJVyskROc%2FjbEYRrmoUDbj%2FQhwgFHmqe1lIzDmzAG%2BdZvz5qAHi1dEEQTlwAsY2P5sheaKUfBFPqjKjSU2sgE3XCDNRdGEYqwoqQ9zfqcDSWpYOwORRdo6i3naoXLMJIfs6j7N1p3QMRFNJdbvgCWzALPhio4GlSlWdoKxUYzUZWwqHmHwDwdtwPmBN10oRvg%2FnUWFqURwffQCH5BWvDCqFtlNeSOnKzH9kdq%2BY"}, {"title": "「洞见」上天渡一个人，就让他历痛楚、遭冷眼、被人伤……", "hot_value": "10W+阅读,3577在看", "url": "https://tophub.today/l?e=2508fjHBMIjj8Il2XC6LqGVhAEK1QXroOd35F8zLEtZecrU%2Fye%2Bmu%2B9RLX6PrwsuXz%2FgvyRB%2Flimqf0gKk4SwNnkK0I7Ackm7kTIQpYMNTmCIdU6AetqiH4rCt%2FJozwZ9Sq9Tq4xaC6BEvWHzEtMD4NjkRNuxDAw%2F8QOEpYxuZMgYgpsKmGGAfR1abwHcBSgC7YRVAp1bxUL9Bg6DyevL8gpuzqPWLyQgyEitM1Memq8rDWrLeNemnad2hZXld9C9xT%2BaHt1Gq7Y4bG0Gyg"}, {"title": "「凤凰卫视」王毅任中国外交部部长，美国务院回应", "hot_value": "10W+阅读,3465在看", "url": "https://tophub.today/l?e=aae5PqMeJXrpFiPoZ61MfhjbLPb6p0q3VBSC3mdNvQwwt0ZJ9dWwyvsplF11DAUeOMWCo9JYFsvAQLMDMcK82nbF3jNIKelZwxPxJVSiXbFtyofhc2nB9SncvSSjEvTaOFPAGsGLsQyxAtmeM%2Bx4u%2FV5Xl8rwr6oCr4AvjxeN7ZhMixSKVz3FLBvD%2B2IFkgwoyz5zmOIT0SCgokzGmxXCbXzBclSqdXsUX2C19x6Ma9q1uDyw75dy%2B0Qde7O9LcN2VRFdg4r5gGaAzKLAW0"}, {"title": "「人民日报」【夜读】最高级的聪明，是凡事提前做准备", "hot_value": "10W+阅读,3102在看", "url": "https://tophub.today/l?e=9b39iIxvOfuLH%2FZN1%2B3SBVa5i4xhCAz5aEl9elLNPNGSCn60eJpfH59VdCGfBawj9YKTFwvhWFPrezar0okU2p3luDons2vkIeJCLgDWpbFvHs9J2bx%2BeZhaWxic99STXhkg8XxBWznVKgKFeTLHyPL5RxuXwOzps%2FtBsrkzJgsgP0nP6hysvxCT9ZuF%2FLtS%2FhTKnV77%2B6Onwgw%2BCLAcspRECbMlIxaiF4IUpAy4xCf%2BbIGxCa1uiohNYH%2BykqDPTgFReaimtbqg7xpMcUM"}, {"title": "「人民日报」从同学到夫妻，这对“搭档”真甜！", "hot_value": "10W+阅读,2504在看", "url": "https://tophub.today/l?e=db348mLi178X60TErE1O3NPeOIqCWfMkxqeppF9MWl6%2BZrSug5P040dlbi4NI75JBmIxmGWZQsE3e8WDlHD9iZW737ileg2%2FUQBUeeejzP4k2bQNZV3EisJ3AJOVamc8FyfLExSe9TFEAtvdFm49fe%2Bk0CJeKfXDhnlALkVSuQJXWea2Nw3OI%2BWKJYP8CpcZeQzdsUarFGvMms0kaFnrOi4nPyDYVhOTvmSzIPzoULG1VnqPB%2FeTT%2B7OO%2BYA70utSc%2Fl5Z9IabO7qXwedwY"}, {"title": "「一条」这份全网千万人看过的《人生大有意思指南》，你领取了吗？", "hot_value": "10W+阅读,2442在看", "url": "https://tophub.today/l?e=32f1Nd1ykYWjD6Fj%2BHymP5OlBdfl%2BHaDebc6%2BTU5sYkN7aJFMyRnaUVgQNNTwKqd%2BRx5DEHgIK3j6bWSgUUacOBm5bBHcrG%2BIlt9Mbj72D9s%2BLbnxZLjlIjZv5Lio18Ym%2BQmVwYqeuSlVeO%2B7fT31Ssmn5tInIkczpjYoSd%2F0A0AszFucle1c3sC9MqoJleHzbzzWL5uUDbD98eKZFQsGhaRD8b1KBGOxxFbuaSs%2F1wnIyiqQgen2nRMuifKi%2FxYweIoob%2BKZ%2FQCEiYj9Ys"}, {"title": "「新华社」夜读|成年人的生活状态：干好工作，顾好家庭，活好自己", "hot_value": "10W+阅读,2185在看", "url": "https://tophub.today/l?e=cc69mvqapKfVHot3BA04HustxPR2ku72C%2FSE6J7wNpTXnCV9vy9kgbWWxvSQ7WBoOV12F%2Bl3AW7rYVgv2tb4EbSz1hqqJrTDTl08TiMnNqqyQX7Cu%2BmnO3QPBgqy4nxmpR2WHSbxNAePw9OSQ8ftjNFYPw%2BlL4BBnIzPNaQgSNdORBiVJ%2BQ7N19BH3hk6GdO4NG%2Fk5RFUvFrCP1pT6ApUz6lOvsDxU18F7IOdMShr7vP5JfeCmPbwweX2RDa%2Bojy3HKTkVn0ksQ4j6WkWzo"}, {"title": "「粤鹏平台」【紧急】全市停课！1964人紧急撤离！17级强台风+高温40℃+雷雨来袭，深圳全市台风白色预警…", "hot_value": "10W+阅读,2184在看", "url": "https://tophub.today/l?e=bb4elLV4SDnSV6Bg%2BpxKfR6vnLteib2saCv4MXdL6EkdiHF95jMlgeBNSJz5hSWfBCtFkDSErWTreY51WnvADxhIOiCrmLWz7gdd%2Bz41ht3y91W271HBwxFsnHDW08xMTYlPXwPCCV0EtkwDmkcMIFBnyIIQ8B5dS84woYxGJ0UDBqcY92TEeECtIo7ULkTFO03L0yUxphZ%2F3adINmlrhBrgijD3kNacPli9nS0iZa8b7SybbD57IFDSART2EMmJixVVztF69gX%2BHzUyF4g"}, {"title": "「玉渊谭天」美国为何会攻击中国的地震监测中心？", "hot_value": "10W+阅读,2004在看", "url": "https://tophub.today/l?e=bb29nhYMuKQlrPcw%2FW4OEJbzRAQJVdUtlEtPUaU43%2FLQtKF6oqMA2Ajp9mqas05awrh0Q1n6WFX4VNR8K8svLTXi9j5A32Ll9fOm0jjk6Lpzpm9AqjZpvinUXQyVVxKiSgIh31oXP1z%2BwKDnIfkQBhAbKSZOZnSQKGdmdMtiwQNDt8LzU61n4l11pMJWq0OOPIP38L%2FRHnGNObB6g0sxkmvSAzZ%2BJ%2FKn1FecVCIE0c9RgDbjmVqDmVn7NtJsuP3ywzNC4oJD7zTt2nOb0qQ"}, {"title": "「夜听」【夜听】心宽，烦恼少", "hot_value": "10W+阅读,1882在看", "url": "https://tophub.today/l?e=1021oHAtTE8i0wEpBFM2JHC5lMGy9D9O%2FKk3jvxe1yi0tkZSthghLQ%2BXALqPJ9%2FvgQpmZZE%2Ff2aYSMstXpxREFdUyPtptasr3nTY26Cv0IRdN9uWyLIVu9kX71BH8MokRs5xOdAemoyKtm%2Bk1Bopk1hIKW%2F8Ln28enh%2Flid0VJuBF1%2FNZSpSejmm1yS2kNgEmRgsAECCcZMI4uwnDCTo7va6j%2F0SXOrAYAgDzsaC0IDs7lOGnbf5w%2FPiDgr%2BMxN6M09XhKsTUtm2%2FKuJ2Bs"}, {"title": "「投资明见」徐小明：周四操作策略(0727)", "hot_value": "10W+阅读,1866在看", "url": "https://tophub.today/l?e=51aav%2FuNQC8141MmfFV3HzomGEgaYSbDII5E4iQ6sal9sqCRM6hiP8uKwwwoepXRnrOQe8jbsf6Dblaiyvjy19PLmPLAtIzftPb9npFpevKpfpv3AAd4SPFKZoVLYPgfTreXgfV3ySMMhUAu0lGD6%2BTHcrPqPMCYevOG7f2ObMsj5mGYCGuVE49pPqAzThgeW6EAochxLvXodIrKfcHbeZRQdJikOoAYrEV5eITdwG2Y052IoESAPlmv2iQ6KMwT7p%2B6vgevqrsm%2B8RMR%2Bk"}, {"title": "「冯站长之家」【冯站长之家】2023年7月27日（周四）三分钟新闻早餐", "hot_value": "10W+阅读,1722在看", "url": "https://tophub.today/l?e=e1adoWJ43IG3oJC1sxz%2B9ISJFSBHC%2BpLb0mWHBj6857MY4dKWlzwFD9dadYgnJMha%2FdJWcoAJIiotYMNbdlqllKHNmScn6X4ErLvlynbTDho46Z7DaM7%2FdqH2byOX8Ncjx8EjPJCKnCDMeUSMGY87x4alc8EozWdUl%2B0guGbASPbvrM8jMscrgZGSUaUVFp0gMxavBWRRXhVffbtYu7lA6yqUt%2Bvw82r9p%2Blg2A8QL4powEVByJ47TYmEO6ya%2BMSsgwnySnvTflVC4OJpH8"}, {"title": "「新华社」国产榴莲，熟了！", "hot_value": "10W+阅读,1716在看", "url": "https://tophub.today/l?e=17cauZIwQwWoY6V%2Fxwlq1ANJomR4Xdg8iyPPisMuaqSfChMRbheuHTvS2shqkQKfEJqrRfYNJ5pbWJTwNfeQQdvGEUad7ppxv34Ev5oUoKMBwlyZpxEJmiKx2qdQAe8eI8Jrwzrpv25p0%2BR6KMwpWrWSncbDhPl4Ka%2By3AC%2B5e12qen8Z3rCweAYlaO%2BDAvL3yxF4IAiTW0Wd2HJqbf%2FGEVy8u0DvLgZDOPbn%2Fp%2BC4Q9Mm4uU%2FcMmM6ZcuY%2FTaJ1TyxHQ7RBFErMlDYgFcw"}, {"title": "「人民日报」血脂总降不下来怎么办？这4种食物要忌口！", "hot_value": "10W+阅读,1714在看", "url": "https://tophub.today/l?e=1cf8Xe8S4DJ7QeRB3zkO%2BYBEsFQrpsZDJRF38U6esT1E%2FAQNPMc5dnYZ51kGGieWL%2FG5AJfhDXzxjFYkRhgw7D9fSMnA3v%2F6kPpOUITy56e79hnSVE2CqS9hckmdwrXMmENrBpE2Vqp1ufNawE0Lf0WH%2Bdect7zLaR5uTYgdvil9Y6qe2typp0JOonMmGkdUz2DXQWz6ZLDg0FCNJ6IqRSgOLcBUeeYXKIAeM5jrmpwOTNkRmU782XgU4BaxbGQe3gq%2FK7C1j62DFhhE72Q"}, {"title": "「新闻哥」卧底记者又站了出来，这次是去缅北", "hot_value": "10W+阅读,1540在看", "url": "https://tophub.today/l?e=25fdTZoAZ0x3Tl%2FWO5%2FqRGxIIAJ19i8x2fQJfSUrTC80v0XbbokCmIZK7U9E5gLU%2FngOthaPNxIC3BTqG0yjoSUSjfMqL5ns1hVuelr5tfP9FNIaRAdgkv3zmIDAsBWQ7%2BrayFVrSMgCmq3DkASLxtqxSN%2FQaFel4fXtrVnzjeXgNsHAzA6bYoBxCc4aMrSNunD34dkY0w4mGg1QQsgt9F90pYQsGH5%2B5j0lPW5tjrT3GVXdJB5YfGyc0Mu0E%2BZQmDIps%2FNNesFg3UYJ1lA"}, {"title": "「君莫愁」今天，美国人都在发问：为啥三十年前我们要放过中国？", "hot_value": "10W+阅读,1391在看", "url": "https://tophub.today/l?e=e026pcvTu7B%2F3L%2F75qfT4pChKnIg3xqnJ%2FPjO16434cPPguoupf%2Fj%2FQqopdp3IfFblCwmDzxzyd0ySxP4GgqJpX0bMFFhAuS6%2FP8KlWnbwjrPUk1ygi5ya0awFDhnX53xapYGxpO0x2TXCwXPB5AGLvpkqTA6Jm3t2PslqCLHulms5ucY9k%2Bpo8SS%2F%2BFfZd5Y0C1I7ZUCHee0U8byWPjKi6CZi41vID2pG%2FBluAK5lasQ74EIWvKiZCImruWeV2H29Cf6hYakSmBbqRMDL8"}, {"title": "「政事堂2019」齐齐哈尔34中坍塌，谁之过？", "hot_value": "10W+阅读,1339在看", "url": "https://tophub.today/l?e=57f4xu9L5S2ea88%2F0RL6kcw31%2Bp5lG2rgDCfroBjJmWk7P8LWbVUfJ0nqhX5tNsFPgGb2OSQpLqdov1Y%2B%2FeyLbzLdIid1IfKjICSj7cDcWpIe4GnKHTYwgcFjEVyJ4sM2fLYGCkJvJB2Momb%2FtTOh6PAftLfp5wSyYF9R3f8pEbHFKwrwP9ofHfboK3%2FqTBziM8iBUJs8sl3luRiHb01BrrhB%2BMnHtusVsP8d7kXazihuVTiXj4BA%2Fq%2Bdmd3opMGQM7WHg5hJN%2Fp8CDDqvY"}, {"title": "「人民日报」习近平在四川考察调研", "hot_value": "10W+阅读,1280在看", "url": "https://tophub.today/l?e=947eyd5OKMV%2BIF%2BPqyyboLkrwkXg2Bq%2Frq6Sf44aTluuYiofzWQMNeam0d7o1WKKrO6WEKuCgRxDeT4cAkuNKlp%2FPvnC2Pie6BDDtgUw%2BywC1oA9LFJ%2Bpmdj9hU6jKct1OicCtBjvOeUrBHNOUkV8AMzKUU0oXv1KzEYr2zAaN5AHAfq4bslloVPozzBRpWgYEvkiSri7U5uSEpuf9%2FluoQntC4O%2BJ7VY8ZXL966H8%2B%2BMXizC9h%2BKARQW9EwcT4ZblzdJmS6AcK0Tc41s%2BU"}, {"title": "「青年湖南」十周年演唱会门票已被炒至6位数，文旅部发声！", "hot_value": "10W+阅读,1196在看", "url": "https://tophub.today/l?e=8459kAZzYejepRjFkv6CLwQLoxTmcjFQSnBSy2weveCbp%2BM%2F6sDmmyb3TjY3iO6zFuVy%2Ba0ilcUOK8MVatK8Z%2B7%2F9V%2BLsbUHl363O%2F1Yt2ZtQb%2BfDhkdJI%2BEen4Ti8kuISWvxBlBPMg%2FGYLriBapTRBg1d%2FuPOFh5MaCPvCTBC2MN0gGdxhzBSFyFsNXD4C6wbHCs9qdoVPJALK7nSCjg7LHLHMyJr3gn2tn8a0DBiazkYLH2OfsHkCWaZ9r6%2BXUB7KETd%2FtVWHgToAC4E4"}, {"title": "「央视新闻」连破两次世界纪录！“冠军是我们的”！", "hot_value": "10W+阅读,1184在看", "url": "https://tophub.today/l?e=86bcUFARgD%2BiK5uZS3Fhq6l3J2euntYhFHaYXGn4K6trDADonP%2FL8M0bMUywXFmrALmu73pQSs2d5qBw15Mp0eTIau7Dyt5LNrrjC1brKS00uUU6PeaTQjvyuUDLoubJYj368sqNFCqJQb%2BUZl4CXq8Edrh2d8VJs7LMKjxDyiytGnN3ZD7wGM0Z4ZYRavejMFOnMaduss%2BnUBjs7qJf8pzDJn%2FZ4BVB8%2BkiXzQv7xvjodpDWw7CrhdjoWLebKDLhxa1FoXMmdKGNb5pYoI"}, {"title": "「共青团中央」15岁少年死死抓住落水女子！警察赶到后震惊了：他是我儿子！", "hot_value": "10W+阅读,1133在看", "url": "https://tophub.today/l?e=8258BvT6g5JFUg0lFDXljvwx6D6SwJS%2Bbt5yIoXHcm%2FVPmPZ9fwG5ca8a3j6bcm3ij76nP99HhvZF%2Bt3QvPey1nzP5oJG1nRhFQehh3rQsveS%2BPoxo7jyF%2FZNLeq863%2BQVDtrg31j%2F%2FZpSV9IBTcz63XWSqgT8BNpCwOQ4B%2FX%2B2Jsv45YvLV%2BTBExuNKV5pr3nPVsX1MMrVUPYwbqE82ADFbTTE2TzCNNm5GsFm8dmFyoOm3poDMJ8tlpK30Cut9pjUqnRYAyvKIN3p23Ig"}, {"title": "「十点读书」真正爱你的男人，再生气也绝不会做这件事，遇到了一定珍惜", "hot_value": "10W+阅读,1094在看", "url": "https://tophub.today/l?e=72d3kRzIErLQy7kvHZ1GMzVt80gxIyw6Gt8Olr7L%2FGX1Abzcex6ivAXAi6nDq9hbeyWEXPxc6Kug4Mfdk3OteT0NfXkYccNakkMXlryzMnZsAyezR%2B0Umr6MvEsHNTjtb6KjiUeFIQqi%2F53%2FxtFJbvxoLy00OxO7ziFTcY%2FrrrNrhxGl%2BAjPNLqOesYqijEjz2JIQsQIYo6IEKvKPwjkeaTpYanFK0oAdjuU%2FU2s8jct%2FJThbFv8dlIQEvjJS0DmrwacpAfjUaWBvsTZ%2Bgk"}, {"title": "「妖精边儿」当代职场打工人现状：凌晨刷手机跟着受罪的不止是脸，还有越来越干涩的眼...", "hot_value": "10W+阅读,1090在看", "url": "https://tophub.today/l?e=3193crYYqu5T7u4KC0J0bDe%2BGqCBrrh%2Bc0vpI59AXCs4K8DZLRvXfZESj22pQwdmouVV31rwfCJ7M9Avu29ASUMuoSU1ug5qDoQ6G4wdhm4LuqKZwr3JVZbZOUsLahZZQAS2TIgJk0s%2B5w9W%2BKECDjUVO4UhCXbndAMfFrJIwdqepTJOfe0KkTE7qpHLfFImt6ROjnMozocFX54a%2FSpx8lWXzDjnjg%2Fg5uER2X4VTFD5qoWtHYCI7k4GGU7KOStCTXxbfIujFmcLAILg0mQ"}, {"title": "「冯站长之家」【冯站长之家】2023年7月27日（周四）三分钟新闻早餐", "hot_value": "10W+阅读,1722在看", "url": "https://tophub.today/l?e=7a5d0KH6t7wcp1GQQgLh%2BrTZe0x3XWQ6PyA86liyuDRS70yP%2FfemIrtWE%2BIV723ketfWWo33FgcF0j4l9nz3qGl097yXVqdKfCPPfFjd9z8R0uExe92ifZZVqk19YPa31qty8th%2Bq15%2FL75xR%2B6qWWhEUAwx8T5zU4HqL%2FD03HUQ6E%2FDfvCqwYtIVLD9oEXW8qtTeJLgaBF1wFFlkvbHpHtl%2Br4Pq7EnjhXtPJS9lf7MNRD3H7SeRCj8nQ8O8akgnMQy2niVvp7txRC4GX4"}, {"title": "「人民日报」习近平在四川考察调研", "hot_value": "10W+阅读,1280在看", "url": "https://tophub.today/l?e=1067jlKQD15pJZKfd5SqPb2r6TNQ15COovZyzQKDCzh0zls%2ByNRFGVa%2B8PN07YZoLmd6rEqIJYyOOhD649QGxZI2aKhNenhkM6lIKTZda%2B5%2Fjl6RJ2rseWhBqRDHw4q2O7GIHLhEUULNug%2BlnBttmhrTqs2h2KU9lrZv2zBeVAygLoMUPA988V6Ot2iagjUIBgvJgVn0HF1RfJwYvfa8DQTLh5sRviYkBwB20ffb7Y8vKdI7dfw398vuE5BHjH5X6KSfDrFHHjHln3M956I"}, {"title": "「十点读书」真正爱你的男人，再生气也绝不会做这件事，遇到了一定珍惜", "hot_value": "10W+阅读,1094在看", "url": "https://tophub.today/l?e=bd01wBThfAPgsfxPyK1%2BosmO9RgD0x6GcQHRIcec0NOuwmj36HqpUX%2BExB9ctihpl%2Fl7KN1MXMMK69pi0skcjMcnjKoZKcKBBUy5fo7C5HSsGncb0f7eschvyX4soH6DPBhWxw%2FwrMJrEL%2B6iOaLGSZL26iwEJ0cKN7RkP4XoGJV4%2BnBEF7%2FvvCOdPfkx9MIPTi1nCgORgp%2B%2B44T059MiVdJk%2F50UBxqBOweuzie7Bca6WeqVyvJDUsLfWE8aRxMmv6T%2Bx3FoTYYwiucFZA"}, {"title": "「妖精边儿」当代职场打工人现状：凌晨刷手机跟着受罪的不止是脸，还有越来越干涩的眼...", "hot_value": "10W+阅读,1090在看", "url": "https://tophub.today/l?e=cc929ToqNUGMPauWwSnbjlZUa5cNc4yrZx5ZnRW%2Bb%2FcCTy2ZIrst%2FXlm3JaN2EAov7tq0cv1oUnLSWcpjBoKSnpSLq9HXQQkfoUxgq53ZYjw93aWIMH1BACGV7tWZDY3uRXUsddseGvWqUXCi92uoEvQkfSyv529IOSB6Zo4WqzZuKsvLt2Mso4ZR7DIpzqlqwuH4m4crd301Ysx%2FLfQDZvYB8yrYIckusdzZat0ZqLQltkhywz6ybJFJ0O6IUwDXGZexy1Logh%2F0wh7xwE"}, {"title": "「新华社」夜读|成年人的生活状态：干好工作，顾好家庭，活好自己", "hot_value": "10W+阅读,2185在看", "url": "https://tophub.today/l?e=7e5b%2BYeBjJZeYywO2YNinG%2BDjzhWBJxF9%2F1M3PeOWZj9QiSNmXybaNzwohQp3FCko7FPDXhKbXQ%2BCAiqge4%2FGZvvSvmuxnr99JyUcK4aMfZjzQet2WHdUvEPk9M4gG1IeMflaQK1DBPDrSIzRZ4wXNt09VRAZCWR1V4R%2FfCjxCBGxSoE2n79PQut0uoHWnfLxOh%2B%2FFwBmonigMdOFRDSXA6%2FUf%2FwcN%2FNb3n3njrml%2FOe%2BvQ8QQXj2xabSwVfFc1h4oTgX8RrQ%2FYRKtMSZQY"}, {"title": "「政事堂2019」齐齐哈尔34中坍塌，谁之过？", "hot_value": "10W+阅读,1339在看", "url": "https://tophub.today/l?e=b1832wGh7SMHHEWnzWpkbPrwA%2BLZ%2BdUZmAhlXS0%2BfuPVmcxNM7R4LjEFVeAEEk2MRPUTjGhPTqFJfehrFdfv0fmjod72PKXyPWj3BLjnbVyOkrvlXZe3cDWeSjBxKuQBewlVnmlbQ3iNSsPuSNvVvw44hRXdpfMqcB8iHIfGuqOzZfW%2B2yoIyh4E4%2FXpg1I%2FICNEeNExl9iMOf8LROeU07C8nXPMIEx6HpHQS5%2BCxgG%2FVpkEv9agaT6bBeea4VaahB93Lie0gcWX6uzIjXI"}, {"title": "「人民日报」【夜读】最高级的聪明，是凡事提前做准备", "hot_value": "10W+阅读,2705在看", "url": "https://tophub.today/l?e=64ccYBKc266rYhUnbwSCKBD0fRZxLK1juhestvq8vC1v%2F2585XJS3BNhcDuFOsuP1x9PAp2NlG7PY4Z%2FUgWBQI5n96JYPyksg%2B7%2FVHPh%2BCcBRC3vj29%2F2YXny56N82Mauag3ThKLdF4GIC1Ry4GLI%2FUg4TnHDz5R8ymUf2ZAb%2FQrO8Pq%2BMk0Fz1pbRE%2Bwb8gTnmejTMxGqJqbrlfR6so94rVsLBi%2FWYIKghZXO6jyiiJHaeg2emWJlKzEJSP7W1UOoTPCPQK3J33MOThjOA"}, {"title": "「一条」这份全网千万人看过的《人生大有意思指南》，你领取了吗？", "hot_value": "10W+阅读,2442在看", "url": "https://tophub.today/l?e=13a1FVYEqzKUx3T1GzqyxI%2FIPmrCYzZKU%2BK4hODoJSe7HdRxn4L%2FX92dCf8j0ZnKeQozwcktm7UzeAik72rIW2b4i29uJP%2FFWSVnepwc79KaY6p1a9wowJmWV%2FDOM8tep%2FxthWPbClQBjtVcH01lhly1Adf2qzSXwfTQq2Q8ya8K2aQQkeziReW%2Ftf00T%2FSAxm5CaaLtP56c8XxoPWP31wB2w1GOjGzEI3Q0RSIYsUCskUWrewcj1Umst31Fq7n0mDO1kh%2BVyMEJ90UTYv0"}, {"title": "「君莫愁」今天，美国人都在发问：为啥三十年前我们要放过中国？", "hot_value": "10W+阅读,1391在看", "url": "https://tophub.today/l?e=9d51MyOQLAgVVvnsfC3D8IXraZ6qEFiaZuWuNoTKFg6aOjlhUpFcTTUPWJxjBAFYNjoNIvFha6J4Fi0cxocLjuFoOeGZq1xT2AioAMD5bPbHvyPu7Pah9HteZ4wE46Oo0Ugg3aUjdpMswlsjZQ3mi8dl6%2BQmTNBO8wlTI%2FVBWcCVsxCjGy4SWRsjlqAFZPT%2B8qgI07cXlDe2jg3IaGdMlxKtgnCK3c4zj5Bs78Wx30pqypUFYhaGYPemgUQqx4YjXTGBE03gulRaA179T8s"}, {"title": "「青年湖南」十周年演唱会门票已被炒至6位数，文旅部发声！", "hot_value": "10W+阅读,1196在看", "url": "https://tophub.today/l?e=7fb4KuazDxDJl59AP%2Fqq9%2Ffg0XJU4Mqrq9gTk4OO3%2B0GlR%2B1%2FR1%2BJ4xzAleBzllnIAQaL81bcV5LDO1VCRwYSWsg6RdLD%2FDhrwG%2B02b9fw4IsK84EM9z%2FLiT1sPYn1nBb9OeRnCJmLCfCMoswZDaUlztB%2FLOTjMbrMSczAeptBrY8SUxOFu1BLFxLM1A%2BX5iKVNZlUgjNEhSiLaQ6lVyFYf3%2BIP1eDHXDDwlsxSPUNUqxga%2FDFDuc0IR7hm9Lb8Zjk8pVZdS5pTbjo%2FZ9oE"}, {"title": "「人民日报」“最毒的手段就是在谈判中使用细菌武器……”", "hot_value": "10W+阅读,3548在看", "url": "https://tophub.today/l?e=2770u%2Bw3pA9CmK9qB3rQhdbHI8gRN3vKVaRjzwPAaDO4I8mGy%2Fhd3ryo2SpYEPmep4GEijRlaHYZPED1qUXhQEokESlN4LlCww93xD9G5R391yx%2F1SeUOsHBRgaKF2RzwOojjxxDTzINT2%2FAHwdyOhOLIFffYjc8mv8zCrTFeYGIT3szWM6fXZwZRmgvhIj94N4jGb3gUN9FEd2rf8ZH4sCzBviMQqsznShF51ajgy42mOKT%2Fd48a6arVY8PoCkhpQDHewhGTSgeEN62jz0"}, {"title": "「洞见」上天渡一个人，就让他历痛楚、遭冷眼、被人伤……", "hot_value": "10W+阅读,2191在看", "url": "https://tophub.today/l?e=7b13kV2aH2XWZaLA4FL8tH1WYzoqyRWBLlO75S3OWY4QZbWSGr%2FZrOuaEB6mFFAF8NMzyekZjUfTNSw%2BPeDRJ8lFiK3rvv1zsF4XRhEzw4iuJ5%2BpmkGBL7L4OC7Iwj6S%2BAz3Dxf64xxGhfRp8hKAX4bl6gvCu%2FY9M%2BIpl7wehKfzF9Ld%2FQRiauxrkfXLooZVxaypRhN3wippyzmw%2FBiko6ZHCzRJ%2BCOTNVsWt7Y0YRS%2BF1puj0w72fGcdvk484rcsQb9dCpWOWVb9SbsgtM"}, {"title": "「夜听」【夜听】心宽，烦恼少", "hot_value": "10W+阅读,1464在看", "url": "https://tophub.today/l?e=5ff7RtSpWshR5fZt8g5HuoVKA%2Fp88VFX%2FKzk14aooIjQr%2BOQ5xx1etK6UGzACyTbbsnfMMSFmOQzig8Y015dSHu2QHvUCARqhwt%2FJWtiuV0%2BXaXfdDggnlGNoTmAsSPymWssomUiR%2Fzr4bggg%2BasP6MnpYJ3Qo4MUGoznJmz1qpMyE9ZFxNGAopUTbxatJ97qOopCVctqG%2F%2BrJAN%2Buv4mVmSTo7nTatJgolsOZbABSNQsl%2FEntdRSPAMfSQzmDW3Tx5yETmDr8NHlZ%2FjUxc"}, {"title": "「投资明见」徐小明：周四操作策略(0727)", "hot_value": "10W+阅读,1034在看", "url": "https://tophub.today/l?e=c5f6cLkHsbliBvDuezXgAMylzIp5TUIzzzBxIMFYBrx%2FFcevlTH3NGovyYfU3d6S%2Fv1yV7uCQcCikA2gUz3ZOFv8%2F8IeYTknxp5ADbIcNzuL6l1nNdRKXAKHGrnrj%2B4oeyA0131RopWu1I78JO902KwZyhQFmO%2FLcdT4dkd0bJ2mg%2ByIdqp%2F%2F1Sgu0E3iJPWWMU%2Fy5rC3faCIajI0ML1cDBT0UHeQxwfWiYhnTRbUzOgqTGQSFPjgYNjuz8MSJzzmKbxjmBhRjmI4NQjaGQ"}, {"title": "「新闻哥」卧底记者又站了出来，这次是去缅北", "hot_value": "10W+阅读,871在看", "url": "https://tophub.today/l?e=d97cfYfXoFJjO76Wrk7tSzoyt3FqBCpktQMyoCX%2BDR6ZvHPAFy4zD6h%2Be3j9sFS03fR0Xdxm1c6dpdsC6iOMSDeNcEMaBFhx80nDJej7uVQxzCvybjxHpOaZmAaGpVT%2BXdGNiIEke%2FxC2bVBjR1BmC12QyKYWVLJobrTkZPHO2m2RUB1BbJSeTZ4bDy5afgTsH3isuYJtbYuJ5syi74rZxlVOTbbIXxus00722qHXeeOln29wpYdIqbUIxK6wEwiATgO8dJMNlp6r%2BWvWnQ"}, {"title": "「央视新闻」连破两次世界纪录！“冠军是我们的”！", "hot_value": "10W+阅读,821在看", "url": "https://tophub.today/l?e=d1f13xkizAfcOsshOhjTt4iPJ3e8gLBP8h51hk5Yek3EYpItXS%2FhVgpnu6OqktQS0fRDRSQPQ%2F66RL%2BX9UHNfGoBXgr4Ea91Gc7J3TX67OLsVO0mVhrQUQSoX2SlRRC%2Bs7qf9%2BmWip9Cj9cJIQJtz8RJtnG5%2BLtPYvt%2FAfDA9iKag3Dq3BbIAwYqgcVkSEaSb3LY90cMvwW5pJo9hg%2BUc%2FT1vVYtmwAIHsb8U0SNuCSVSZwA%2BAPlXYNFNQ0pKc4BMjZ%2FnrWgy%2BjGZwcXf%2B4"}, {"title": "「共青团中央」15岁少年死死抓住落水女子！警察赶到后震惊了：他是我儿子！", "hot_value": "10W+阅读,676在看", "url": "https://tophub.today/l?e=5259yUODZ8SGhwp%2BkLbw7c8tp5mSro%2FJwh0XhqA7M2zjMRSnIPHgEgeJdEa%2FC1AiJuA27su3Xa1%2BuwSlvpW9lZbfxMuO0HGbI6WzJnaSr1x5IZ2tsNHIL0VHJqRZxyHKhXTsiXdT75kX9DAtjNHT%2BrUFs9Nk0ZOCDSaMfTMhIzEWYXi6mKWlN%2B6jQ0o4WsDWHGnZKPDM%2BPuUmb2Uuo%2F0AULNymdc64EPDTTjPj%2BXmXxMd9dKTTetqWW%2BrhXjgFjpXRuL8vsl5vp7n%2BEmZyY"}, {"title": "「凤凰卫视」王毅任中国外交部部长，美国务院回应", "hot_value": "10W+阅读,566在看", "url": "https://tophub.today/l?e=c263uedXREFwcFJ1opAj5lHWjfe01F4chVtxyqz9hyXz3246yObfI4aPdTu1jc4Hm2BnsjwYd599SA8kCqlBn9gUu7nPdGTb%2BaR0xZq2Jl2FFqeaKuvM1jGDJ%2BuO4nS1EqiKO4u87Iphqhixty2vCLexSQERozeKMJwNZJMFNW6WRFfrhllr0Nd9LICq5k3yqhM2TAWlgX5MyG799cqMyGh0sPIMrmFXUj0FkVaZ4xB9%2FC8Wy%2Bt1feAgi2Fnep9iblvSHkJRGWUX7d5Q08s"}, {"title": "「人民日报」孩子从楼上坠落，一群人张开了双臂…", "hot_value": "10W+阅读,3234在看", "url": "https://tophub.today/l?e=a925BTW23uIImxL5IPEg4wrdJZx7Un2HgeGpzKA5raFa4HBPrLD7tPnrUIiXJAQy2QHRTfh1TCAGWZ%2BdSHYnM7h7rbuQ7njHk1Ss3NmTeInzqMCpp%2B1yz6SWk%2Bz8ZYKiKzsMBEyhWXd74JoTTx%2BwkEP4FH0lc%2FuFWzD7oMJ7Dbg9PR9ZxC1g20wWTpHDsFKsnz1ubEUE3GLx4KGdcldo3XcVm4P%2Bz8Z9MAGFZxayHfJK5GHtT%2BnzBce5iuAYS6bFa9o7uQX2RuOLZl9oxv0"}, {"title": "「人民日报」从同学到夫妻，这对“搭档”真甜！", "hot_value": "10W+阅读,1569在看", "url": "https://tophub.today/l?e=3e78X9Ha%2Fh4uX4vmdjWs%2B%2B1d67wWE6j4dYL42dDkkbz9oEZnh7pMRR9CYBZvvfWrEq1qzrtL0B%2Fa%2BKYgHkC2E2kbecbZn1WRP1QlAXoaKOuaNbazsSNZX3PaYSB2HUHYZJqQv8fixr4WpFIR0DCRDsU3fZfJnMBhaYDIqtZc1VHgC8ODeigdZsPy7%2Fqm8N%2BLR81UmHYm%2BYN5EEMogJIPxBOVcg9VeIY9y37VAPvw8mGwd1dguD0jUV%2FkfAVyld7nb6JBN2NFzeQ36%2BgDsH8"}, {"title": "「新华社」国产榴莲，熟了！", "hot_value": "10W+阅读,1253在看", "url": "https://tophub.today/l?e=90aehOmP8m8egdjk4kKa9ejzfhLF%2B8sDnK3ZOag3vGIQp9EREFLwCDd5CuficQ%2F2rHqdMrQrKQDp611av%2Fd0vaYS5X3GM5H5vcSUOJCLzrJjjW7J72Iwl2nSO8t6QQV4b6y2Hz3cnVHO%2F72dsgDY%2FaVSv7rdnva8HZgXe0yMlwjZ6RJvIw0HF0%2Fyza8WtplPLxXWKbElwhuNv8lbGA%2BvFTu%2Bbhzal7qPsAwnDcMmiiquSDFbncEllpol%2Fxvtec9D5P4%2FAe1uwrZpqn5iWhk"}, {"title": "「人民日报」血脂总降不下来怎么办？这4种食物要忌口！", "hot_value": "10W+阅读,1015在看", "url": "https://tophub.today/l?e=e97bStuYUxJmvHyemnphvbvzhZk8PbTS%2FcENyTMX5GOVhZ5W7xoXV%2BpsDUkvnN8mFnqlMePMTS4eQalCQ2KF2PPyazufdtIFJq8FL91t07aKhJJyorsqx6VUREtKoEVVmCFy5M4X2L1sopubITBGv5JH343MbdTzThahBmmtSWrZAw2aMG5qjIBfMYEkcjz50ZHDVzAYj%2BkQROAGqLjSlSGUzjnsv4Ndh7L4OnkwE0iBOHgoZyxYsh43%2B%2BKwh3qLa2Q%2FkSmOL%2B7WH%2BAO5k8"}, {"title": "「玉渊谭天」美国为何会攻击中国的地震监测中心？", "hot_value": "10W+阅读,964在看", "url": "https://tophub.today/l?e=c056LOTThucSI3qpfz44%2BcYCvi32NA%2FEe8j8vWf4nVlZdvSnVJPz2hIbLnCkr9xk9b0%2BGcvRo0Np5k4nJ6474xeifzGs2%2FjdlCIeN3ap7MO1usPclfGT%2F1hatG6A3LakEGtgXOMRXh6qXq%2FU%2BLynasXYL%2BQb%2FP8DHDq44woQ65%2FuQndT%2BR3oMGmUntdq7KLXSIZdzv19BUljNZNCdE9ErJ15FEP47MglUx%2FYyzd4TklkQYYGKJqwH3HdMmrd1J8ObFmEr0hh8i5IJ3lpcNQ"}, {"title": "「人民日报」她每月收到1000元，4年后神秘汇款人现身！", "hot_value": "10W+阅读,3016在看", "url": "https://tophub.today/l?e=ba02ARMdAun7v6nXC8gExTTlddNLqis2oVR5V%2FB%2Fu14Il9k2mRH1zL1DJamZU59Ob5jUtNckRbLLCtAHvtbpMV4hNFuG1jUf%2FdBfqENM7S%2FAVAN5JWYxTKOfRHwaEIrJ9mdb%2F5oKypb9LqZOdjPT513Zs9E8IcvQr%2B%2BGzV5vEcfpECDQBasrig70DplfuXMZajhKJPlxX%2FZyn%2BOeKIcBaVlP35y%2Fohd1Fa9WO7RdZQDz7L%2B4y6ltPwqBr0lj1Fz%2BJlh8%2B%2Fch%2BxlkmB1tVSU"}, {"title": "「粤鹏平台」【紧急】全市停课！1964人紧急撤离！17级强台风+高温40℃+雷雨来袭，深圳全市台风白色预警…", "hot_value": "10W+阅读,1348在看", "url": "https://tophub.today/l?e=98543WkNrQNnsEKRUcui4yigg9o7FJy%2Fr54%2FLb%2B20mB7NuftQUmBCHfab1veFSsTNvqZPEfdVDbkywtVKpvuO%2BbGARBDHn3YOelOfm2zvZOlNurLx%2B50RVQQZ3wU2zs8g0HbAXJktRJM9pDRrV3WvI81Xb%2FDjY%2FIYI2SFrdZe8Vz6RkcJsRIYuUdWSccVle7GzmSIdPVO2vleCG6w7PFlxli%2FUtwoL5%2F8PwV7%2BtnOWVszL4hJUBsWbU8MngxJ%2FLA3euXv8bIXYA5nHZ3eHk"}]