[{"title": "台风“杜苏芮”最有可能在哪里登陆", "hot_value": "20092772", "url": "https://www.toutiao.com/trending/7259727921730814004/", "img": "https://p3-sign.toutiaoimg.com/top-static-files-outer/breaknews/582cceb4-df24-4753-a3df-e190559a6b98~tplv-tt-origin:0:0.png?_iz=30575&from=sign_default&x-expires=1692979200&x-signature=%2BZUQfAy6Q20%2BKHh8pd3oM4SULVs%3D"}, {"title": "莫斯科降下十九世纪末以来最强暴雨", "hot_value": "11027147", "url": "https://www.toutiao.com/trending/7259744187430633507/", "img": "https://p3-sign.toutiaoimg.com/top-static-files-outer/breaknews/4d1f768f-f790-4f2a-8813-bf8ec6ddc599~tplv-tt-origin:0:0.png?_iz=30575&from=sign_default&x-expires=1692979200&x-signature=lpI7Ar3eaE2ea95qfNEqx97iuDc%3D"}, {"title": "2023长春航空展", "hot_value": "16450570", "url": "https://www.toutiao.com/video/7260091245618430498", "img": "https://p3-sign.toutiaoimg.com/tos-cn-i-qvj2lq49k0/6773934b8e4a4729917a389c85e2904c~tplv-tt-origin:0:0.png?_iz=30575&from=sign_default&x-expires=1692979200&x-signature=lCEHKKh4s4%2FPW69K6Y94dickxXg%3D"}, {"title": "台风杜苏芮登陆后还将深入内陆", "hot_value": "14885092", "url": "https://www.toutiao.com/trending/7260027879021350437/", "img": "https://p3-sign.toutiaoimg.com/tos-cn-i-qvj2lq49k0/5cca966e7c7f48d2b4d74fc21aaa5833~tplv-tt-origin:0:0.png?_iz=30575&from=sign_default&x-expires=1692979200&x-signature=s6EBFUJjW9myIowD6B%2BZOM7%2Belg%3D"}, {"title": "基干民兵下月起列装配发21式作训服", "hot_value": "6051826", "url": "https://www.toutiao.com/trending/7260008573491482148/", "img": "https://p3-sign.toutiaoimg.com/top-static-files-outer/breaknews/64a6928c-52af-41af-9f80-f551ec550394~tplv-tt-origin:0:0.png?_iz=30575&from=sign_default&x-expires=1692979200&x-signature=s%2BKjNvz0pXIbLiCYXxKqiFs6BjY%3D"}, {"title": "教师回应学费4万孩子考8分", "hot_value": "5475919", "url": "https://www.toutiao.com/trending/7259575985434492986/", "img": "https://p6-sign.toutiaoimg.com/top-static-files-outer/breaknews/e5cd93e6-d049-4484-b663-94dc7cc48205~tplv-tt-origin:0:0.png?_iz=30575&from=sign_default&x-expires=1692979200&x-signature=ulc8sGf67K9sroeZbARv9KnSaFo%3D"}, {"title": "24小时直击台风杜苏芮", "hot_value": "8169111", "url": "https://www.toutiao.com/trending/7259900133389631524/", "img": "https://p3-sign.toutiaoimg.com/top-static-files-outer/breaknews/5a4074d1-90e8-43e1-a11d-7b3c8010de0b~tplv-tt-origin:0:0.png?_iz=30575&from=sign_default&x-expires=1692979200&x-signature=FeFPwYnG4hxGa4ykXfvb8TL54%2BU%3D"}, {"title": "男子喝酒过量生命垂危父亲紧紧抱住", "hot_value": "4954816", "url": "https://www.toutiao.com/trending/7260035109393268775/", "img": "https://p3-sign.toutiaoimg.com/tos-cn-i-qvj2lq49k0/57843f65bdeb4f04819f50e73e37f4fe~tplv-tt-origin:0:0.png?_iz=30575&from=sign_default&x-expires=1692979200&x-signature=Zo36jCLVeROxGnPmaeHt0%2BSIMpg%3D"}, {"title": "金正恩会见俄罗斯国防部长绍伊古", "hot_value": "3321312", "url": "https://www.toutiao.com/trending/7260284736357011004/", "img": "https://p3-sign.toutiaoimg.com/top-static-files-outer/breaknews/2ad1c682-1c9d-4e74-b1e4-a4ed6711989e~tplv-tt-origin:0:0.png?_iz=30575&from=sign_default&x-expires=1692979200&x-signature=ztgGjI7FQWCih%2BuGnZt8GhQTBwU%3D"}, {"title": "杜苏芮即将登陆市民争相囤购物资", "hot_value": "4056660", "url": "https://www.toutiao.com/trending/7259990099075530815/", "img": "https://p3-sign.toutiaoimg.com/tos-cn-i-qvj2lq49k0/3bb6cbd7ada749b7ab93aa667014aade~tplv-tt-origin:0:0.png?_iz=30575&from=sign_default&x-expires=1692979200&x-signature=u6c0b214PKTUjK5Z1aYbyL7VR4I%3D"}, {"title": "湖南多人当街持刀互砍？警方证实", "hot_value": "7391717", "url": "https://www.toutiao.com/trending/7260066654325837375/", "img": "https://p3-sign.toutiaoimg.com/tos-cn-i-qvj2lq49k0/c664a1acd4334297b00efe28fd310260~tplv-tt-origin:0:0.png?_iz=30575&from=sign_default&x-expires=1692979200&x-signature=aD0xlxxjePbJRvtRzJJ5fumfx2U%3D"}, {"title": "张家界通报游客坠崖：系自杀", "hot_value": "4483303", "url": "https://www.toutiao.com/trending/7260131116193943097/", "img": "https://p26-sign.toutiaoimg.com/top-static-files-outer/breaknews/3b192125-e7cc-4c32-902f-8328b81d67ad~tplv-tt-origin:0:0.png?_iz=30575&from=sign_default&x-expires=1692979200&x-signature=%2Bn5vmtSHUzh6lgGSK2U3sHwVNqI%3D"}, {"title": "镇干部猥亵借调女教师被政务撤职", "hot_value": "3670618", "url": "https://www.toutiao.com/trending/7260069336612621861/", "img": "https://p3-sign.toutiaoimg.com/top-static-files-outer/breaknews/d958c4fe-f78c-4261-a423-7bf731d985b0~tplv-tt-origin:0:0.png?_iz=30575&from=sign_default&x-expires=1692979200&x-signature=HOK4tGTc2AI1quBt2hRtOZwXulY%3D"}, {"title": "怎么看夫妻俩工资低的照顾四个老人", "hot_value": "3005248", "url": "https://www.toutiao.com/trending/7258985576128249856/", "img": "https://p3-sign.toutiaoimg.com/top-static-files-outer/breaknews/d4185632-48d7-4184-9297-5d186cba4efd~tplv-tt-origin:0:0.png?_iz=30575&from=sign_default&x-expires=1692979200&x-signature=lYMRA6VViaWcMiRlFazOKfoD3uY%3D"}, {"title": "李玟追悼会扶灵名单", "hot_value": "2719261", "url": "https://www.toutiao.com/trending/7260045162330459708/", "img": "https://p3-sign.toutiaoimg.com/top-static-files-outer/breaknews/995b1988-5c13-4b0a-92a6-bcd09b72d8e1~tplv-tt-origin:0:0.png?_iz=30575&from=sign_default&x-expires=1692979200&x-signature=wlFarniz%2F15RI1uS7uWGe45mA3I%3D"}, {"title": "盖了章就算就业？假就业糊弄了谁", "hot_value": "2460489", "url": "https://www.toutiao.com/trending/7260007320879366155/", "img": "https://p3-sign.toutiaoimg.com/tos-cn-i-qvj2lq49k0/667a1866064c4893b5643361c4daa22a~tplv-tt-origin:0:0.png?_iz=30575&from=sign_default&x-expires=1692979200&x-signature=balUhYFl6%2FLkHHYTeKzirJ9xH5o%3D"}, {"title": "4架歼20密集编队盘旋", "hot_value": "2226342", "url": "https://www.toutiao.com/trending/7259946715351318539/", "img": "https://p3-sign.toutiaoimg.com/top-static-files-outer/breaknews/770bf765-0230-43b7-bdfe-1e7f7fcea75e~tplv-tt-origin:0:0.png?_iz=30575&from=sign_default&x-expires=1692979200&x-signature=il5ySsj6jSX46JXuj%2FndKNJdYYI%3D"}, {"title": "交警破窗拦停套牌车司机被行拘", "hot_value": "2014478", "url": "https://www.toutiao.com/trending/7260023977957916709/", "img": "https://p3-sign.toutiaoimg.com/top-static-files-outer/breaknews/a5c76581-8f29-4cc4-a39c-82f5e228d4bf~tplv-tt-origin:0:0.png?_iz=30575&from=sign_default&x-expires=1692979200&x-signature=Ol7gYrsirFL3eDGq0H7fpoCbFPU%3D"}, {"title": "金正恩拜谒志愿军烈士陵园中方回应", "hot_value": "1822775", "url": "https://www.toutiao.com/trending/7259659843311501372/", "img": "https://p3-sign.toutiaoimg.com/top-static-files-outer/breaknews/b948bfa1-8893-44a5-9478-514505775819~tplv-tt-origin:0:0.png?_iz=30575&from=sign_default&x-expires=1692979200&x-signature=BFGvVHYjAqw4YGsTxoFLtJZEJtQ%3D"}, {"title": "邓超发文悼念赵有亮", "hot_value": "1649315", "url": "https://www.toutiao.com/trending/7259998391483465788/", "img": "https://p3-sign.toutiaoimg.com/top-static-files-outer/breaknews/357a18fe-7504-45fa-82e4-89eb3acee10f~tplv-tt-origin:0:0.png?_iz=30575&from=sign_default&x-expires=1692979200&x-signature=xcpcHDWSAAC5gEfSe7sLCGzaEu8%3D"}, {"title": "网友猜测刀郎歌词隐喻有法律风险吗", "hot_value": "18180692", "url": "https://www.toutiao.com/trending/7259710381449281551/", "img": "https://p26-sign.toutiaoimg.com/top-static-files-outer/breaknews/dad87f5c-966c-4c1e-b71a-f3214519b87e~tplv-tt-origin:0:0.png?_iz=30575&from=sign_default&x-expires=1692979200&x-signature=EBQOeH3NSimEvuyTtfUdHENkEhI%3D"}, {"title": "涂磊回应被实名举报", "hot_value": "13468588", "url": "https://www.toutiao.com/trending/7259919311651733523/", "img": "https://p3-sign.toutiaoimg.com/top-static-files-outer/breaknews/485a8464-d84e-4f15-b029-321db7593685~tplv-tt-origin:0:0.png?_iz=30575&from=sign_default&x-expires=1692979200&x-signature=2LbhzTpYCmp%2F61AoUm5%2BoOEVPc4%3D"}, {"title": "曝某明星嫖娼被抓", "hot_value": "9028264", "url": "https://www.toutiao.com/trending/7260022483439321088/", "img": "https://p3-sign.toutiaoimg.com/top-static-files-outer/breaknews/2f333f75-b3c1-4ede-b380-dc806b24a463~tplv-tt-origin:0:0.png?_iz=30575&from=sign_default&x-expires=1692979200&x-signature=PEbKjE0tfCokxh6o9%2FDG0t8DIPk%3D"}, {"title": "学者：刀郎新歌让更多人关注聊斋名篇", "hot_value": "9977775", "url": "https://www.toutiao.com/trending/7259945072920592443/", "img": "https://p3-sign.toutiaoimg.com/top-static-files-outer/breaknews/da4d324f-2d3f-4856-a3f4-0d790f28ab5a~tplv-tt-origin:0:0.png?_iz=30575&from=sign_default&x-expires=1692979200&x-signature=P1%2FL8rvWWUpMs3kCzreyhAEaJAI%3D"}, {"title": "网传岳云鹏经纪人因涉嫌强奸入狱", "hot_value": "12186882", "url": "https://www.toutiao.com/trending/7260017107486638080/", "img": "https://p3-sign.toutiaoimg.com/tos-cn-i-qvj2lq49k0/d613f48919a44554bf8b3850c9d9a981~tplv-tt-origin:0:0.png?_iz=30575&from=sign_default&x-expires=1692979200&x-signature=ZNaQobHirREg0b5UnVb%2BfL6HU3Y%3D"}, {"title": "美联储如期加息25个基点", "hot_value": "1492362", "url": "https://www.toutiao.com/trending/7260268691999166015/", "img": "https://p3-sign.toutiaoimg.com/top-static-files-outer/breaknews/5611ba8c-bd6c-4e7d-b78c-f216b0c89110~tplv-tt-origin:0:0.png?_iz=30575&from=sign_default&x-expires=1692979200&x-signature=hcGrdeqyXu2Z09qH9XyPlqCwhaA%3D"}, {"title": "台新党主席：两岸统一已是水到渠成", "hot_value": "1350345", "url": "https://www.toutiao.com/trending/7259734005371633721/", "img": "https://p3-sign.toutiaoimg.com/top-static-files-outer/breaknews/479b13b3-26d2-41e7-ac49-b9b185754f08~tplv-tt-origin:0:0.png?_iz=30575&from=sign_default&x-expires=1692979200&x-signature=T9ISy17RW459WmxzeWZBIBV5kyA%3D"}, {"title": "主人上班前把狗关笼子放阳台暴晒", "hot_value": "1221842", "url": "https://www.toutiao.com/trending/7259750858454712360/", "img": "https://p3-sign.toutiaoimg.com/top-static-files-outer/breaknews/4fa00db2-bfdc-4d45-b5e0-f9b9254cbca7~tplv-tt-origin:0:0.png?_iz=30575&from=sign_default&x-expires=1692979200&x-signature=I43gYdfvL9VQczgLOgf3MU4RWyo%3D"}, {"title": "夫妻桥上摆摊妻子跳河身亡警方介入", "hot_value": "1105569", "url": "https://www.toutiao.com/trending/7260130479913831995/", "img": "https://p3-sign.toutiaoimg.com/tos-cn-i-qvj2lq49k0/aeb02c265e6e47f3ba5f88219719e481~tplv-tt-origin:0:0.png?_iz=30575&from=sign_default&x-expires=1692979200&x-signature=ib0pKvxUiEhurIJ1t%2FBunReEWtg%3D"}, {"title": "房产税费有新政？官方回应", "hot_value": "1000360", "url": "https://www.toutiao.com/trending/7260295680499912211/", "img": "https://p3-sign.toutiaoimg.com/top-static-files-outer/breaknews/4f0c5560-bce9-4b34-96ab-562379e7d3d9~tplv-tt-origin:0:0.png?_iz=30575&from=sign_default&x-expires=1692979200&x-signature=Bwj3I5PlW4fKJg3psuUAAUGO%2F6E%3D"}, {"title": "男子杀妻儿后割腕疑因孩子游戏充钱", "hot_value": "6688303", "url": "https://www.toutiao.com/trending/7260053860104801804/", "img": "https://p3-sign.toutiaoimg.com/top-static-files-outer/breaknews/8c9df604-6184-4730-b3e4-572081679bec~tplv-tt-origin:0:0.png?_iz=30575&from=sign_default&x-expires=1692979200&x-signature=GPrYb8mUOR9Oioojma6U0j%2FpMvs%3D"}, {"title": "李玟丧礼遗照曝光", "hot_value": "905163", "url": "https://www.toutiao.com/trending/7260161206571728933/", "img": "https://p3-sign.toutiaoimg.com/top-static-files-outer/breaknews/e530dd02-7818-4c8b-a889-a25e2bb105d1~tplv-tt-origin:0:0.png?_iz=30575&from=sign_default&x-expires=1692979200&x-signature=ArYbYatJT2AIpA3NWqOY1uXdiNo%3D"}, {"title": "《我是云南的》“蔡总”账号被封禁", "hot_value": "819025", "url": "https://www.toutiao.com/trending/7260087182793113661/", "img": "https://p3-sign.toutiaoimg.com/tos-cn-i-qvj2lq49k0/c03ea74ed8ef4bdaa60dac3fb96f4c20~tplv-tt-origin:0:0.png?_iz=30575&from=sign_default&x-expires=1692979200&x-signature=uWdjTvhCLWJprGIL6dKALhgn%2BGk%3D"}, {"title": "大众汽车为何会选择小鹏汽车", "hot_value": "741085", "url": "https://www.toutiao.com/trending/7260174664540880935/", "img": "https://p3-sign.toutiaoimg.com/top-static-files-outer/breaknews/779c1cba-2aca-4389-88b1-fd7c382f35f1~tplv-tt-origin:0:0.png?_iz=30575&from=sign_default&x-expires=1692979200&x-signature=Tpwk0YjO14TD6dRMyQeZqzCtuxA%3D"}, {"title": "母女被风刮跑两男子顶风将其救回", "hot_value": "670561", "url": "https://www.toutiao.com/trending/7259989630719393803/", "img": "https://p3-sign.toutiaoimg.com/top-static-files-outer/breaknews/ba5742e6-bf05-4020-b469-76418bc8ce6d~tplv-tt-origin:0:0.png?_iz=30575&from=sign_default&x-expires=1692979200&x-signature=1uIV%2BTbd%2BEEQI4fiU1gzKlemapA%3D"}, {"title": "34国驻华使节、领事官员汇聚蓉城", "hot_value": "606749", "url": "https://www.toutiao.com/trending/7260095121340530728/", "img": "https://p3-sign.toutiaoimg.com/top-static-files-outer/breaknews/589e6b1f-bd55-421d-9ea2-a6f973258275~tplv-tt-origin:0:0.png?_iz=30575&from=sign_default&x-expires=1692979200&x-signature=BRSzFYvtXNubwIQuwj%2BtWS9z9ec%3D"}, {"title": "朝鲜高调纪念停战70年引起韩美关注", "hot_value": "549009", "url": "https://www.toutiao.com/trending/7260028664997478437/", "img": "https://p3-sign.toutiaoimg.com/tos-cn-i-qvj2lq49k0/2fa7f7e226454664a113ca723abb589e~tplv-tt-origin:0:0.png?_iz=30575&from=sign_default&x-expires=1692979200&x-signature=uxU8YgBRsdKGwd4B3qBgRqiIRxo%3D"}, {"title": "女孩睡火车过道兵哥哥为其盖被", "hot_value": "496764", "url": "https://www.toutiao.com/trending/7260085723343093797/", "img": "https://p3-sign.toutiaoimg.com/tos-cn-i-qvj2lq49k0/93b71e59196940169733c8004c602d10~tplv-tt-origin:0:0.png?_iz=30575&from=sign_default&x-expires=1692979200&x-signature=vH9KlIPZhvd7yGKgozALk4EvH6M%3D"}, {"title": "房子延期交付业主状告放贷银行", "hot_value": "449490", "url": "https://www.toutiao.com/trending/7259697826299379772/", "img": "https://p3-sign.toutiaoimg.com/top-static-files-outer/breaknews/c0f18813-3c9d-4aa7-a1a7-89f858e89e0f~tplv-tt-origin:0:0.png?_iz=30575&from=sign_default&x-expires=1692979200&x-signature=vy5c9JG6FJE7leiaOpGZhSpdOJg%3D"}, {"title": "《封神》虽未“封神”但已稳稳落地", "hot_value": "406716", "url": "https://www.toutiao.com/trending/7259728443397373991/", "img": "https://p3-sign.toutiaoimg.com/tos-cn-i-qvj2lq49k0/46030a1550e6422e9ce7aa28c8085b8a~tplv-tt-origin:0:0.png?_iz=30575&from=sign_default&x-expires=1692979200&x-signature=gzDrJh3LnG35LF9zj45uAghHG04%3D"}, {"title": "男子冲洗电动车不料电动车“跑了”", "hot_value": "368011", "url": "https://www.toutiao.com/trending/7260019148208652325/", "img": "https://p3-sign.toutiaoimg.com/top-static-files-outer/breaknews/0fb73997-585a-4762-8ce5-526c263f52e8~tplv-tt-origin:0:0.png?_iz=30575&from=sign_default&x-expires=1692979200&x-signature=8QeJ1bkS%2BEhClav9lM%2BU2Ygcoxs%3D"}, {"title": "71名被骗缅甸者家属实名组群求助", "hot_value": "332991", "url": "https://www.toutiao.com/trending/7259672054189391912/", "img": "https://p3-sign.toutiaoimg.com/mosaic-legacy/2b29000036f8405561443~tplv-tt-origin:0:0.png?_iz=30575&from=sign_default&x-expires=1692979200&x-signature=DwFKqn9AxVFEQl5c9xj5RVsm39M%3D"}, {"title": "大众汽车7亿美元入股小鹏汽车", "hot_value": "301302", "url": "https://www.toutiao.com/trending/7260113682602917903/", "img": "https://p3-sign.toutiaoimg.com/top-static-files-outer/breaknews/93c62805-5004-4134-8b32-1e3294f527cd~tplv-tt-origin:0:0.png?_iz=30575&from=sign_default&x-expires=1692979200&x-signature=U268DXzOBG%2FEoStfcoVejU%2Bw%2Br8%3D"}, {"title": "存量房贷利率该下调吗", "hot_value": "272629", "url": "https://www.toutiao.com/trending/7260266070525607976/", "img": "https://p3-sign.toutiaoimg.com/top-static-files-outer/breaknews/30fa0bb7-2ed3-46af-a652-602b13a29e41~tplv-tt-origin:0:0.png?_iz=30575&from=sign_default&x-expires=1692979200&x-signature=HwKBdvgKPQbxXiZf8bmUJC8DEn4%3D"}, {"title": "暴雨致被扣押车成泡水车损失谁来担", "hot_value": "246685", "url": "https://www.toutiao.com/trending/7260110137270992952/", "img": "https://p3-sign.toutiaoimg.com/tos-cn-i-qvj2lq49k0/8a886ccfa5f148a290a60f6da51981ae~tplv-tt-origin:0:0.png?_iz=30575&from=sign_default&x-expires=1692979200&x-signature=o0fM3Ov8nBHdmjvgR9AqttJzfMk%3D"}, {"title": "刀郎与降央卓玛42次对簿法庭", "hot_value": "223210", "url": "https://www.toutiao.com/trending/7260030470249775143/", "img": "https://p3-sign.toutiaoimg.com/tos-cn-i-qvj2lq49k0/9b9f74c7cbb6449fa4f64177d50858c7~tplv-tt-origin:0:0.png?_iz=30575&from=sign_default&x-expires=1692979200&x-signature=YCuGtIhH%2F1qxXIvy4U0wYLkG4qg%3D"}, {"title": "台风杜苏芮或影响十余省份", "hot_value": "201969", "url": "https://www.toutiao.com/trending/7260303108046065213/", "img": "https://p3-sign.toutiaoimg.com/tos-cn-i-qvj2lq49k0/1075ffbb205145658d5ff32b94972070~tplv-tt-origin:0:0.png?_iz=30575&from=sign_default&x-expires=1692979200&x-signature=wWS8zfMglbMZhZkiwURkXL5FOT0%3D"}, {"title": "云南一正厅级官员辞职", "hot_value": "182749", "url": "https://www.toutiao.com/trending/7259735581414916132/", "img": "https://p3-sign.toutiaoimg.com/mosaic-legacy/2b29000036f8405561443~tplv-tt-origin:0:0.png?_iz=30575&from=sign_default&x-expires=1692979200&x-signature=DwFKqn9AxVFEQl5c9xj5RVsm39M%3D"}, {"title": "“象腿”患病女孩千里转运北京", "hot_value": "165358", "url": "https://www.toutiao.com/trending/7260291882419224632/", "img": "https://p3-sign.toutiaoimg.com/mosaic-legacy/2b29000036f8405561443~tplv-tt-origin:0:0.png?_iz=30575&from=sign_default&x-expires=1692979200&x-signature=DwFKqn9AxVFEQl5c9xj5RVsm39M%3D"}, {"title": "成都大运会主题曲是如何创作出来的", "hot_value": "149622", "url": "https://www.toutiao.com/trending/7259952860468543551/", "img": "https://p3-sign.toutiaoimg.com/top-static-files-outer/breaknews/b06f4abe-5dad-47e5-8c42-c9f6c05c414a~tplv-tt-origin:0:0.png?_iz=30575&from=sign_default&x-expires=1692979200&x-signature=07Bo9BzMlTn8aSU2IDhD87zv4FM%3D"}]