[{"creation_time":"2023-07-27 10","id":"0","directory":"铭记伟大胜利捍卫和平正义","url":"https://s.weibo.com/weibo?q=%23铭记伟大胜利捍卫和平正义%23","classify":"分类:社会","blurbs":"导语:这些声音，是抗美援朝战场的炮弹声，是志愿军高昂的歌声，是面对坦克飞机的冲锋声……这些声音，是战机载送志愿军烈士遗骸归国时的轰鸣，是“谁是最可爱的人”的字字铿锵。倾听这些声音，向伟大抗美援朝精神致敬！","compere":"主持人：新华社","heat":"2774.8"},{"creation_time":"2023-07-27 10","id":"1","directory":"李玟","url":"https://s.weibo.com/weibo?q=%23李玟%23","classify":"分类:音乐","blurbs":"导语:无","compere":"主持人:无","heat":"73000.0"},{"creation_time":"2023-07-27 10","id":"2","directory":"女作家因两次被提醒管好小孩向12306投诉","url":"https://s.weibo.com/weibo?q=%23女作家因两次被提醒管好小孩向12306投诉%23","classify":"分类:社会","blurbs":"导语:近日，著名作家苏小懒在乘坐广州至珠海的动车时，孩子安静坐着，却被乘务员两次提醒管好孩子，表示感觉被冒犯并向12306进行了投诉。","compere":"主持人：上游新闻","heat":"26000.0"},{"creation_time":"2023-07-27 10","id":"3","directory":"大运会里的中国风巴蜀韵","url":"https://s.weibo.com/weibo?q=%23大运会里的中国风巴蜀韵%23","classify":"分类:社会","blurbs":"导语:成都大运会里，处处可见“中国风”“巴蜀韵”↓↓","compere":"主持人：人民日报","heat":"11000.0"},{"creation_time":"2023-07-27 10","id":"4","directory":"房子烂尾女子停交房贷上黑名单","url":"https://s.weibo.com/weibo?q=%23房子烂尾女子停交房贷上黑名单%23","classify":"分类:社会","blurbs":"导语:2019年4月，王琦的妈妈购买了“雍锦澜湾”的一套商品房，同年5月23日，与开发商四川蓝光发展股份有限公司旗下南宁灿琮置业有限公司、中国农业银行南宁分行共同签订了《个人购房担保借款合同》，王琦是担保人，其母为主贷人，贷款金额57.5万元，期限30年。","compere":"主持人：头条新闻","heat":"2163.8"},{"creation_time":"2023-07-27 10","id":"5","directory":"如果封神失败导演需用10年还债","url":"https://s.weibo.com/weibo?q=%23如果封神失败导演需用10年还债%23","classify":"分类:社会","blurbs":"导语:2年前，还在《封神》后期制作中的导演乌尔善，谈起职业生涯里最危险的这次指导时说，如果这部电影票房失败，他将用10年来还债。","compere":"主持人：头条新闻","heat":"8130.9"},{"creation_time":"2023-07-27 10","id":"6","directory":"微信白用那么久了","url":"https://s.weibo.com/weibo?q=%23微信白用那么久了%23","classify":"分类:无","blurbs":"导语:无","compere":"主持人:无","heat":"10000.0"},{"creation_time":"2023-07-27 10","id":"7","directory":"全民种草嘉宝莉","url":"https://s.weibo.com/weibo?q=%23全民种草嘉宝莉%23","classify":"分类:家居","blurbs":"导语:艺术涂料的本质，并不是艺术，我只是把艺术融入产品中，让你的平面，超越平凡。","compere":"主持人：嘉宝莉集团","heat":"2570.8"},{"creation_time":"2023-07-27 10","id":"8","directory":"台风杜苏芮路径拐了个直角","url":"https://s.weibo.com/weibo?q=%23台风杜苏芮路径拐了个直角%23","classify":"分类:社会","blurbs":"导语:全网围观“杜苏芮”路径更新啦！网友：这台风数学一定很好！","compere":"主持人：厦门广电","heat":"5374.4"},{"creation_time":"2023-07-27 10","id":"9","directory":"台风","url":"https://s.weibo.com/weibo?q=%23台风%23","classify":"分类:社会","blurbs":"导语:无","compere":"主持人:无","heat":"210000.0"},{"creation_time":"2023-07-27 10","id":"10","directory":"空调安装人员疑操作不当致买家触电身亡","url":"https://s.weibo.com/weibo?q=%23空调安装人员疑操作不当致买家触电身亡%23","classify":"分类:社会","blurbs":"导语:一网友发视频称，小米之家专卖店派来的空调安装人员带电操作，导致买家在自己家中触电身亡。发文网友在评论区质疑安装工违规操作：先接电后接管子，让其老公拉管子时，其老公不知管子带电，触电身亡。","compere":"主持人：九派新闻","heat":"1487.1"},{"creation_time":"2023-07-27 10","id":"11","directory":"租客3天没关门邻居以为出事报警","url":"https://s.weibo.com/weibo?q=%23租客3天没关门邻居以为出事报警%23","classify":"分类:社会","blurbs":"导语:近日，浙江杭州。方先生报警称邻居家房门敞开3天无人在家。经现场勘查，台式电脑等贵重物品都在，民警猜测租客应该是忘记锁门了。民警通过房东联系上租客魏先生，他称这次出差时间短也就没有关门。","compere":"主持人：后浪视频","heat":"5002.2"},{"creation_time":"2023-07-27 10","id":"12","directory":"金星认证王楚然和自己长得像","url":"https://s.weibo.com/weibo?q=%23金星认证王楚然和自己长得像%23","classify":"分类:明星-内地","blurbs":"导语:金星回应了网友说的王楚然长得像她","compere":"主持人：吃瓜姐妹社","heat":"11000.0"},{"creation_time":"2023-07-27 10","id":"13","directory":"UFO","url":"https://s.weibo.com/weibo?q=%23UFO%23","classify":"分类:无","blurbs":"导语:无","compere":"主持人:无","heat":"20000.0"},{"creation_time":"2023-07-27 10","id":"14","directory":"涂磊","url":"https://s.weibo.com/weibo?q=%23涂磊%23","classify":"分类:明星","blurbs":"导语:无","compere":"主持人:无","heat":"6730.1"},{"creation_time":"2023-07-27 10","id":"15","directory":"小红书","url":"https://s.weibo.com/weibo?q=%23小红书%23","classify":"分类:时尚","blurbs":"导语:无","compere":"主持人:无","heat":"117000.0"},{"creation_time":"2023-07-27 10","id":"16","directory":"Angelababy不想承认这是自己","url":"https://s.weibo.com/weibo?q=%23Angelababy不想承认这是自己%23","classify":"分类:明星","blurbs":"导语:Angelababy与自己泥潭摆件合照“不想承认这是自己”","compere":"主持人：新悦文娱","heat":"13000.0"},{"creation_time":"2023-07-27 10","id":"17","directory":"小红书回应闪退bug已修复","url":"https://s.weibo.com/weibo?q=%23小红书回应闪退bug已修复%23","classify":"分类:互联网","blurbs":"导语:7月27日凌晨，部分网友反馈小红书App出现闪退问题。对此，小红书客服微博发文称，该问题系技术故障引起。如遇到小红书App无法启动的情况，用户可前往App Store下载最新版本（版本号7.97.2）。部分网友表示:“更新后可以正常使用了。”","compere":"主持人：凤凰网科技","heat":"2485.9"},{"creation_time":"2023-07-27 10","id":"18","directory":"福原爱律师声明","url":"https://s.weibo.com/weibo?q=%23福原爱律师声明%23","classify":"分类:明星-日韩","blurbs":"导语:无","compere":"主持人:无","heat":"209.8"},{"creation_time":"2023-07-27 10","id":"19","directory":"谢楠说吴所谓是王一博的铁粉","url":"https://s.weibo.com/weibo?q=%23谢楠说吴所谓是王一博的铁粉%23","classify":"分类:明星-内地","blurbs":"导语:谢楠说吴所谓是一博哥哥的铁粉，可以有啊，谢楠说吴所谓是王一博的铁粉，我爱了！[羞嗒嗒]","compere":"主持人：剧综抢鲜报","heat":"4764.6"},{"creation_time":"2023-07-27 10","id":"20","directory":"台风路径","url":"https://s.weibo.com/weibo?q=%23台风路径%23","classify":"分类:其他","blurbs":"导语:无","compere":"主持人:无","heat":"7889.9"},{"creation_time":"2023-07-27 10","id":"21","directory":"玱玹被自己射出的子弹正中眉心","url":"https://s.weibo.com/weibo?q=%23玱玹被自己射出的子弹正中眉心%23","classify":"分类:无","blurbs":"导语:无","compere":"主持人:无","heat":"674.5"},{"creation_time":"2023-07-27 10","id":"22","directory":"性同意没有模糊的界限","url":"https://s.weibo.com/weibo?q=%23性同意没有模糊的界限%23","classify":"分类:电视剧-国产剧","blurbs":"导语:\uD83E\uDD5D的不完美受害人正在播出！赵寻的经历让我们知道了性同意没有模糊的界限，接受了88万也不是默认性同意，只有“同意”才代表同意！","compere":"主持人：这个剧不太冷","heat":"36000.0"},{"creation_time":"2023-07-27 10","id":"23","directory":"这次终于看懂五险一金了","url":"https://s.weibo.com/weibo?q=%23这次终于看懂五险一金了%23","classify":"分类:无","blurbs":"导语:无","compere":"主持人:无","heat":"1255.3"},{"creation_time":"2023-07-27 10","id":"24","directory":"为什么小腿粗一定要练平衡","url":"https://s.weibo.com/weibo?q=%23为什么小腿粗一定要练平衡%23","classify":"分类:无","blurbs":"导语:无","compere":"主持人:无","heat":"528.9"},{"creation_time":"2023-07-27 10","id":"25","directory":"王一博的圈内人缘","url":"https://s.weibo.com/weibo?q=%23王一博的圈内人缘%23","classify":"分类:明星-内地","blurbs":"导语:王一博的圈内人缘","compere":"主持人：剧透少女小脑婆","heat":"7711.1"},{"creation_time":"2023-07-27 10","id":"26","directory":"泰国恐怖片依旧能打","url":"https://s.weibo.com/weibo?q=%23泰国恐怖片依旧能打%23","classify":"分类:电影","blurbs":"导语:泰国最新恐怖片《祭屋出租》，还好结局很温情。","compere":"主持人：刘哔电影","heat":"2437.9"},{"creation_time":"2023-07-27 10","id":"27","directory":"定期查肠镜真的很有必要","url":"https://s.weibo.com/weibo?q=%23定期查肠镜真的很有必要%23","classify":"分类:搞笑","blurbs":"导语:定期查肠镜真的很有必要","compere":"主持人：何亦焕","heat":"3596.0"},{"creation_time":"2023-07-27 10","id":"28","directory":"姐弟垃圾堆捡31部苹果手机价值21万","url":"https://s.weibo.com/weibo?q=%23姐弟垃圾堆捡31部苹果手机价值21万%23","classify":"分类:社会","blurbs":"导语:近日，河南平顶山。柴女士和弟弟在小区垃圾桶内捡到31部手机，由于数量较多就赶紧报了警。","compere":"主持人：搜狐千里眼","heat":"4706.1"},{"creation_time":"2023-07-27 10","id":"29","directory":"活该涂山璟有老婆","url":"https://s.weibo.com/weibo?q=%23活该涂山璟有老婆%23","classify":"分类:无","blurbs":"导语:无","compere":"主持人:无","heat":"2086.3"},{"creation_time":"2023-07-27 10","id":"30","directory":"李昌钰就伪造证据事件发声","url":"https://s.weibo.com/weibo?q=%23李昌钰就伪造证据事件发声%23","classify":"分类:社会","blurbs":"导语:美国康涅狄格州法官裁决，旅美刑事鉴识专家李昌钰针对1985年一起谋杀案“伪造证据”负有责任，导致该州2名被控谋杀重罪的男子入狱数十年。","compere":"主持人：新浪新闻","heat":"6464.7"},{"creation_time":"2023-07-27 10","id":"31","directory":"武契奇称中国无人机命中率令人难以置信","url":"https://s.weibo.com/weibo?q=%23武契奇称中国无人机命中率令人难以置信%23","classify":"分类:时事","blurbs":"导语:无","compere":"主持人:无","heat":"5397.2"},{"creation_time":"2023-07-27 10","id":"32","directory":"歌手希妮德奥康娜去世","url":"https://s.weibo.com/weibo?q=%23歌手希妮德奥康娜去世%23","classify":"分类:明星-欧美","blurbs":"导语:无","compere":"主持人:无","heat":"2197.2"},{"creation_time":"2023-07-27 10","id":"33","directory":"相柳番外","url":"https://s.weibo.com/weibo?q=%23相柳番外%23","classify":"分类:电视剧-国产剧","blurbs":"导语:无","compere":"主持人:无","heat":"2156.9"},{"creation_time":"2023-07-27 10","id":"34","directory":"业内称大鹏是中国路演第一人","url":"https://s.weibo.com/weibo?q=%23业内称大鹏是中国路演第一人%23","classify":"分类:电影","blurbs":"导语:无","compere":"主持人:无","heat":"727.7"},{"creation_time":"2023-07-27 10","id":"35","directory":"杨玏伯邑考三场戏","url":"https://s.weibo.com/weibo?q=%23杨玏伯邑考三场戏%23","classify":"分类:无","blurbs":"导语:无","compere":"主持人:无","heat":"115.0"},{"creation_time":"2023-07-27 10","id":"36","directory":"狂飙后第二爆的剧是哪部","url":"https://s.weibo.com/weibo?q=%23狂飙后第二爆的剧是哪部%23","classify":"分类:电视剧","blurbs":"导语:今年到现在为止，《狂飙》后第二爆的剧是哪部~","compere":"主持人：星剧狂人","heat":"48000.0"},{"creation_time":"2023-07-27 10","id":"37","directory":"福建广东或遭遇超强台风","url":"https://s.weibo.com/weibo?q=%23福建广东或遭遇超强台风%23","classify":"分类:社会","blurbs":"导语:预计台风“杜苏芮”将于28日早晨到上午，在福建福清到广东惠来一带沿海登陆。","compere":"主持人：央视新闻","heat":"3824.8"},{"creation_time":"2023-07-27 10","id":"38","directory":"超导","url":"https://s.weibo.com/weibo?q=%23超导%23","classify":"分类:无","blurbs":"导语:无","compere":"主持人:无","heat":"809.8"},{"creation_time":"2023-07-27 10","id":"39","directory":"刀郎诉降央卓玛侵权西海情歌获赔7万","url":"https://s.weibo.com/weibo?q=%23刀郎诉降央卓玛侵权西海情歌获赔7万%23","classify":"分类:社会","blurbs":"导语:近期，北京啊呀啦嗦音乐文化发展有限公司与北京华熠文化传媒有限公司,鱼台县龙虾协会、降拥卓玛（艺名降央卓玛）侵害作品表演权纠纷的案件判决文书公开。文书显示，原告北京啊呀啦嗦音乐公司诉请判令三被告连带赔偿原告因表演权被侵权所受经济损失10万元，并赔偿原告维权合理费用3.5万元。","compere":"主持人：星视频","heat":"4489.0"},{"creation_time":"2023-07-27 10","id":"40","directory":"莲花楼","url":"https://s.weibo.com/weibo?q=%23莲花楼%23","classify":"分类:电视剧-国产剧","blurbs":"导语:电视剧《莲花楼》由成毅、曾舜晞、肖顺尧领衔主演，武林悬案，十年故人，莲花楼现身，敬请期待！","compere":"主持人：莲花楼官博","heat":"468000.0"},{"creation_time":"2023-07-27 10","id":"41","directory":"殷世航出道失败","url":"https://s.weibo.com/weibo?q=%23殷世航出道失败%23","classify":"分类:明星","blurbs":"导语:殷世航出道失败","compere":"主持人：張贰缑","heat":"27000.0"},{"creation_time":"2023-07-27 10","id":"42","directory":"长相思","url":"https://s.weibo.com/weibo?q=%23长相思%23","classify":"分类:电视剧-国产剧","blurbs":"导语:《长相思》0724播出～ 山海为盟 情动大荒","compere":"主持人：电视剧长相思","heat":"664000.0"},{"creation_time":"2023-07-27 10","id":"43","directory":"皇马vs曼联","url":"https://s.weibo.com/weibo?q=%23皇马vs曼联%23","classify":"分类:体育","blurbs":"导语:皇马vs曼联热身赛开战！","compere":"主持人：咪咕足球","heat":"831.0"},{"creation_time":"2023-07-27 10","id":"44","directory":"哥哥第一次带女朋友回家","url":"https://s.weibo.com/weibo?q=%23哥哥第一次带女朋友回家%23","classify":"分类:无","blurbs":"导语:无","compere":"主持人:无","heat":"1936.8"},{"creation_time":"2023-07-27 10","id":"45","directory":"搂了半天发现搂错人了","url":"https://s.weibo.com/weibo?q=%23搂了半天发现搂错人了%23","classify":"分类:无","blurbs":"导语:无","compere":"主持人:无","heat":"1049.5"},{"creation_time":"2023-07-27 10","id":"46","directory":"娜然见到袁泉的反应","url":"https://s.weibo.com/weibo?q=%23娜然见到袁泉的反应%23","classify":"分类:电影-华语电影","blurbs":"导语:娜然见到袁泉的反应好可爱啊","compere":"主持人：孤烟视频","heat":"1042.4"},{"creation_time":"2023-07-27 10","id":"47","directory":"古蔺","url":"https://s.weibo.com/weibo?q=%23古蔺%23","classify":"分类:地区","blurbs":"导语:无","compere":"主持人:无","heat":"111.4"},{"creation_time":"2023-07-27 10","id":"48","directory":"没想到小鸟的肚子长这样","url":"https://s.weibo.com/weibo?q=%23没想到小鸟的肚子长这样%23","classify":"分类:搞笑","blurbs":"导语:震惊……","compere":"主持人：曝猛","heat":"12000.0"},{"creation_time":"2023-07-27 10","id":"49","directory":"IVE将于10月回归","url":"https://s.weibo.com/weibo?q=%23IVE将于10月回归%23","classify":"分类:明星-日韩","blurbs":"导语:期待芙人回归！！","compere":"主持人：哎一股清流","heat":"1432.5"},{"creation_time":"2023-07-27 10","id":"50","directory":"反向催婚说得妈妈哑口无言","url":"https://s.weibo.com/weibo?q=%23反向催婚说得妈妈哑口无言%23","classify":"分类:搞笑","blurbs":"导语:反向催婚说得妈妈哑口无言","compere":"主持人：何亦焕","heat":"2781.0"},{"creation_time":"2023-07-27 10","id":"51","directory":"孟宴臣爽文结局 命运的齿轮就该这样转","url":"https://s.weibo.com/weibo?q=%23孟宴臣爽文结局 命运的齿轮就该这样转%23","classify":"分类:无","blurbs":"导语:无","compere":"主持人:无","heat":"557.2"}]