[{"title": "韩国研究人员声称发现常压室温超导材料，具体情况如何？可信度有多高？", "hot_value": "105万", "url": "https://www.zhihu.com/question/613850973"}, {"title": "市场监管总局发文，12月1日起将禁用生鲜灯，此前生鲜灯对商品美颜已屡遭吐槽，如何看待此举？", "hot_value": "70万", "url": "https://www.zhihu.com/question/614055600"}, {"title": "如果有一种材料可以实现常温常压下的超导，并且获取相当容易，那么能对世界产生什么样的影响？", "hot_value": "60万", "url": "https://www.zhihu.com/question/614077790"}, {"title": "《超能一家人》票房口碑双溃败，为什么一向是票房宠儿的开心麻花这次失灵了？要如何做才能翻身？", "hot_value": "60万", "url": "https://www.zhihu.com/question/614043432"}, {"title": "国内十大地铁公司4个明确不准喝水，为何地铁内不能喝水，有什么科学依据？", "hot_value": "60万", "url": "https://www.zhihu.com/question/614017731"}, {"title": "姆巴佩家人已准备接受沙特7.76亿美元年薪报价，如果交易成功，将对世界足坛产生什么样的影响？", "hot_value": "27万", "url": "https://www.zhihu.com/question/614029895"}]